"Time","Frequency (Hz)","Level (dBµV/m)","Level_1 (dBµV/m)","Level_2 (dBµV/m)","Level_3 (dBµV/m)","Value Count","File Info"
"10/12/2021  10:50:00.000","    87500000","  12.4","   2.7","  11.8","  35.0","76","Process Measurement Result Files: MaxHold"
"10/12/2021  10:50:00.000","    87525000","  13.2","   2.0","  12.8","  30.7","76","Meas. Result Properties:"
"10/12/2021  10:50:00.000","    87550000","  11.0","   0.7","  10.6","  16.5","76"," Start Date: 10/12/2021"
"10/12/2021  10:50:00.000","    87575000","  10.7","   0.1","  10.4","  11.1","76"," Start Time: 10:40:00 AM"
"10/12/2021  10:50:00.000","    87600000","  11.8","   0.1","  11.6","  12.2","76"," Stop Date: 10/12/2021"
"10/12/2021  10:50:00.000","    87625000","  13.4","   0.1","  13.2","  13.7","76"," Stop Time: 12:40:00 PM"
"10/12/2021  10:50:00.000","    87650000","  14.3","   0.1","  14.1","  14.6","76"," Number of Measurements: 13"
"10/12/2021  11:40:00.000","    87675000","  12.4","   0.8","  11.1","  14.5","76","Columns: Time"
"10/12/2021  11:40:00.000","    87700000","  14.2","   2.0","   9.9","  18.3","76"," Frequency"
"10/12/2021  11:40:00.000","    87725000","  19.1","   2.6","  10.8","  23.3","76"," Level, Mean"
"10/12/2021  11:40:00.000","    87750000","  27.8","   1.5","  22.6","  30.3","76"," Level, StdDev"
"10/12/2021  11:20:00.000","    87775000","  37.3","   0.3","  36.7","  38.0","76"," Level, Min"
"10/12/2021  11:20:00.000","    87800000","  41.1","   0.5","  39.2","  42.0","76"," Level, Max"
"10/12/2021  11:20:00.000","    87825000","  37.5","   0.2","  37.0","  38.0","76"," "
"10/12/2021  11:40:00.000","    87850000","  28.3","   1.5","  23.1","  31.0","76","Source:"
"10/12/2021  11:40:00.000","    87875000","  20.5","   2.6","  12.5","  24.7","76","Measurement Result: 007-6"
"10/12/2021  11:40:00.000","    87900000","  16.6","   1.8","  13.0","  20.7","76"," "
"10/12/2021  11:40:00.000","    87925000","  13.9","   1.0","  12.2","  16.3","76","File Info: 007-6"
"10/12/2021  10:40:00.000","    87950000","  13.4","   0.2","  12.6","  13.9","40","Process Measurement Result Files: Compressed Measurement Result"
"10/12/2021  10:40:00.000","    87975000","  12.1","   0.2","  11.7","  12.5","40","Meas. Result Properties:"
"10/12/2021  10:40:00.000","    88000000","  11.1","   0.2","  10.7","  11.7","40"," Start Date: 10/12/2021"
"10/12/2021  10:50:00.000","    88025000","  11.1","   0.2","  10.9","  11.7","76"," Start Time: 10:34:45 AM"
"10/12/2021  12:40:00.000","    88050000","  12.3","   1.1","  10.9","  15.3","54"," Stop Date: 10/12/2021"
"10/12/2021  12:40:00.000","    88075000","  12.2","   1.0","  10.9","  15.0","54"," Stop Time: 12:37:00 PM"
"10/12/2021  10:50:00.000","    88100000","  10.8","   0.2","  10.6","  11.4","76"," Number of Measurements: 929"
"10/12/2021  10:50:00.000","    88125000","  13.3","   0.1","  13.2","  13.7","76","Columns: Time"
"10/12/2021  10:50:00.000","    88150000","  12.4","   0.1","  12.3","  12.9","76"," Frequency"
"10/12/2021  10:50:00.000","    88175000","  10.4","   0.2","  10.2","  11.1","76"," Level, Mean"
"10/12/2021  10:50:00.000","    88200000","  10.9","   0.2","  10.8","  11.7","76"," Level, StdDev"
"10/12/2021  10:50:00.000","    88225000","  10.2","   0.2","  10.0","  11.0","76"," Level, Min"
"10/12/2021  10:50:00.000","    88250000","  10.3","   0.2","  10.0","  10.9","76"," Level, Max"
"10/12/2021  10:50:00.000","    88275000","  11.4","   0.2","  11.2","  12.0","76","Frequency: 87.500000 - 108.000000 MHz"
"10/12/2021  10:50:00.000","    88300000","  10.8","   0.2","  10.5","  11.5","76","Compress Time Interval: 10 min"
"10/12/2021  10:50:00.000","    88325000","  10.9","   0.2","  10.6","  11.6","76"," "
"10/12/2021  10:50:00.000","    88350000","  11.2","   0.2","  10.9","  12.0","76","Source:"
"10/12/2021  10:50:00.000","    88375000","  10.7","   0.2","  10.4","  11.6","76","Measurement Result: DDF007_121021_R2"
"10/12/2021  10:50:00.000","    88400000","  12.1","   0.1","  11.9","  12.8","76"," "
"10/12/2021  10:50:00.000","    88425000","  11.9","   0.2","  11.7","  12.7","76","File Info: DDF007_121021_R2"
"10/12/2021  10:50:00.000","    88450000","  11.8","   0.2","  11.5","  12.7","76","Meas. Unit: ACEH"
"10/12/2021  10:50:00.000","    88475000","  11.9","   0.4","  11.2","  12.9","76","Longitude: 097°20'22,7""E"
"10/12/2021  10:40:00.000","    88500000","  17.4","   4.2","  11.0","  23.7","40","Latitude: 03°59'47,3""N"
"10/12/2021  11:00:00.000","    88525000","  29.3","   2.8","  20.3","  33.8","76","Device 1:"
"10/12/2021  11:00:00.000","    88550000","  41.6","   1.4","  37.3","  44.2","76","Name: HE300-20"
"10/12/2021  11:40:00.000","    88575000","  49.8","   0.7","  48.0","  51.1","76","Device 2:"
"10/12/2021  12:10:00.000","    88600000","  53.6","   0.8","  51.0","  55.4","76","Name: DDF007"
"10/12/2021  11:40:00.000","    88625000","  49.6","   0.8","  47.3","  51.1","76","IF Bandwidth: 50 kHz"
"10/12/2021  11:00:00.000","    88650000","  40.4","   1.4","  36.8","  43.0","76","DF Integration Time: 100 ms"
"10/12/2021  10:50:00.000","    88675000","  27.2","   3.3","  15.5","  33.2","76","RF Attenuation: Off"
"10/12/2021  10:50:00.000","    88700000","  16.3","   1.8","  12.9","  21.1","76","Demodulation: FM"
"10/12/2021  10:50:00.000","    88725000","  13.2","   0.4","  12.1","  14.0","76","Meas.Time: 500,000 ms"
"10/12/2021  10:40:00.000","    88750000","  12.6","   0.3","  12.1","  13.2","40","Detector: Average"
"10/12/2021  10:40:00.000","    88775000","  11.9","   0.3","  11.2","  12.7","40",
"10/12/2021  10:40:00.000","    88800000","  12.4","   0.4","  11.6","  13.8","40",
"10/12/2021  10:40:00.000","    88825000","  11.8","   0.3","  11.2","  13.2","40",
"10/12/2021  10:50:00.000","    88850000","  14.0","   0.1","  13.9","  14.5","76",
"10/12/2021  10:50:00.000","    88875000","  14.5","   0.1","  14.4","  14.9","76",
"10/12/2021  10:50:00.000","    88900000","  11.2","   0.2","  11.0","  12.1","76",
"10/12/2021  10:50:00.000","    88925000","  11.7","   0.2","  11.5","  12.5","76",
"10/12/2021  10:50:00.000","    88950000","  11.0","   0.2","  10.8","  12.1","76",
"10/12/2021  10:50:00.000","    88975000","  11.6","   0.2","  11.4","  13.3","76",
"10/12/2021  10:50:00.000","    89000000","  11.8","   0.3","  11.6","  13.7","76",
"10/12/2021  10:50:00.000","    89025000","  10.2","   0.3","   9.9","  12.5","76",
"10/12/2021  10:50:00.000","    89050000","  10.6","   0.2","  10.3","  11.7","76",
"10/12/2021  10:50:00.000","    89075000","  10.5","   0.2","  10.3","  11.5","76",
"10/12/2021  10:50:00.000","    89100000","  10.2","   0.3","   9.9","  11.2","76",
"10/12/2021  10:50:00.000","    89125000","  10.4","   0.2","  10.1","  11.4","76",
"10/12/2021  10:50:00.000","    89150000","   9.9","   0.3","   9.6","  10.9","76",
"10/12/2021  10:50:00.000","    89175000","  10.5","   0.2","  10.2","  11.4","76",
"10/12/2021  10:50:00.000","    89200000","  11.0","   0.2","  10.8","  11.9","76",
"10/12/2021  10:50:00.000","    89225000","  10.5","   0.3","  10.2","  11.5","76",
"10/12/2021  10:50:00.000","    89250000","  10.5","   0.3","  10.2","  11.5","76",
"10/12/2021  10:50:00.000","    89275000","  10.9","   0.3","  10.5","  11.9","76",
"10/12/2021  10:50:00.000","    89300000","  12.0","   0.4","  11.4","  13.0","76",
"10/12/2021  10:50:00.000","    89325000","  12.7","   0.5","  11.7","  14.0","76",
"10/12/2021  10:50:00.000","    89350000","  14.6","   0.4","  13.5","  15.6","76",
"10/12/2021  10:50:00.000","    89375000","  16.1","   0.5","  15.1","  17.5","76",
"10/12/2021  10:50:00.000","    89400000","  16.6","   0.7","  15.2","  18.3","76",
"10/12/2021  10:50:00.000","    89425000","  15.9","   0.5","  14.8","  17.2","76",
"10/12/2021  11:20:00.000","    89450000","  14.2","   0.3","  13.5","  15.1","76",
"10/12/2021  11:20:00.000","    89475000","  13.0","   0.4","  12.0","  13.9","76",
"10/12/2021  10:40:00.000","    89500000","  12.1","   0.5","  11.2","  13.3","40",
"10/12/2021  10:50:00.000","    89525000","  10.7","   0.4","  10.1","  11.8","76",
"10/12/2021  10:50:00.000","    89550000","  10.2","   0.3","   9.8","  11.5","76",
"10/12/2021  10:50:00.000","    89575000","  10.2","   0.3","   9.9","  11.6","76",
"10/12/2021  10:50:00.000","    89600000","  11.0","   0.3","  10.7","  12.2","76",
"10/12/2021  10:50:00.000","    89625000","  11.4","   0.2","  11.1","  12.5","76",
"10/12/2021  10:50:00.000","    89650000","  13.6","   0.1","  13.4","  14.3","76",
"10/12/2021  10:50:00.000","    89675000","  13.0","   0.2","  12.7","  13.7","76",
"10/12/2021  10:50:00.000","    89700000","  10.8","   0.3","  10.5","  12.1","76",
"10/12/2021  10:50:00.000","    89725000","  11.4","   0.3","  11.1","  12.6","76",
"10/12/2021  10:50:00.000","    89750000","  11.7","   0.2","  11.4","  12.8","76",
"10/12/2021  10:50:00.000","    89775000","  11.8","   0.2","  11.6","  12.9","76",
"10/12/2021  10:50:00.000","    89800000","  11.4","   0.3","  11.2","  12.6","76",
"10/12/2021  10:50:00.000","    89825000","  10.9","   0.3","  10.5","  12.2","76",
"10/12/2021  10:50:00.000","    89850000","  11.3","   0.3","  10.9","  12.5","76",
"10/12/2021  10:50:00.000","    89875000","  11.6","   0.3","  11.2","  12.7","76",
"10/12/2021  10:50:00.000","    89900000","  12.1","   0.3","  11.7","  13.1","76",
"10/12/2021  10:40:00.000","    89925000","  13.0","   0.3","  12.4","  13.9","40",
"10/12/2021  10:40:00.000","    89950000","  14.7","   0.7","  13.6","  16.4","40",
"10/12/2021  10:40:00.000","    89975000","  17.5","   1.9","  14.5","  21.2","40",
"10/12/2021  10:40:00.000","    90000000","  22.3","   4.1","  15.3","  28.3","40",
"10/12/2021  10:40:00.000","    90025000","  29.1","   6.6","  16.7","  37.0","40",
"10/12/2021  11:40:00.000","    90050000","  36.9","   4.9","  22.7","  44.3","76",
"10/12/2021  11:40:00.000","    90075000","  44.5","   4.4","  31.6","  50.9","76",
"10/12/2021  12:30:00.000","    90100000","  52.0","   2.6","  45.4","  55.7","76",
"10/12/2021  10:40:00.000","    90125000","  58.5","   3.7","  47.5","  62.0","40",
"10/12/2021  10:40:00.000","    90150000","  63.8","   1.3","  59.5","  65.1","40",
"10/12/2021  10:50:00.000","    90175000","  68.1","   1.1","  65.9","  69.9","76",
"10/12/2021  10:50:00.000","    90200000","  70.0","   1.8","  66.9","  73.0","76",
"10/12/2021  10:50:00.000","    90225000","  68.2","   0.8","  66.6","  69.9","76",
"10/12/2021  10:40:00.000","    90250000","  64.7","   1.3","  60.0","  65.9","40",
"10/12/2021  12:30:00.000","    90275000","  59.9","   1.3","  56.2","  62.1","76",
"10/12/2021  12:30:00.000","    90300000","  53.6","   2.5","  47.6","  57.2","76",
"10/12/2021  11:40:00.000","    90325000","  46.4","   4.4","  30.6","  52.6","76",
"10/12/2021  11:40:00.000","    90350000","  38.6","   5.0","  21.1","  46.0","76",
"10/12/2021  11:40:00.000","    90375000","  30.2","   4.6","  16.8","  38.0","76",
"10/12/2021  10:40:00.000","    90400000","  23.6","   3.7","  16.1","  29.2","40",
"10/12/2021  10:40:00.000","    90425000","  18.8","   1.9","  15.1","  21.9","40",
"10/12/2021  10:40:00.000","    90450000","  15.6","   1.2","  13.7","  17.7","40",
"10/12/2021  10:40:00.000","    90475000","  14.0","   1.0","  12.7","  17.0","40",
"10/12/2021  10:40:00.000","    90500000","  12.9","   0.9","  12.0","  16.5","40",
"10/12/2021  10:40:00.000","    90525000","  12.2","   0.5","  11.5","  14.7","40",
"10/12/2021  10:40:00.000","    90550000","  11.4","   0.3","  10.9","  12.4","40",
"10/12/2021  11:20:00.000","    90575000","  11.8","   0.2","  11.3","  12.2","76",
"10/12/2021  11:20:00.000","    90600000","  12.5","   0.2","  11.9","  13.0","76",
"10/12/2021  11:20:00.000","    90625000","  13.0","   0.3","  12.1","  13.9","76",
"10/12/2021  11:20:00.000","    90650000","  12.7","   0.2","  12.2","  13.4","76",
"10/12/2021  11:20:00.000","    90675000","  11.6","   0.2","  10.9","  12.1","76",
"10/12/2021  11:20:00.000","    90700000","  10.9","   0.2","  10.5","  11.3","76",
"10/12/2021  10:50:00.000","    90725000","   9.9","   0.3","   9.7","  11.4","76",
"10/12/2021  10:50:00.000","    90750000","   9.5","   0.3","   9.3","  11.1","76",
"10/12/2021  10:50:00.000","    90775000","   9.5","   0.3","   9.4","  11.1","76",
"10/12/2021  10:50:00.000","    90800000","   9.3","   0.3","   9.0","  10.8","76",
"10/12/2021  10:50:00.000","    90825000","   9.5","   0.3","   9.2","  11.0","76",
"10/12/2021  10:50:00.000","    90850000","  10.4","   0.3","  10.1","  11.6","76",
"10/12/2021  10:40:00.000","    90875000","  12.3","   0.3","  11.7","  13.4","40",
"10/12/2021  10:40:00.000","    90900000","  12.1","   0.4","  11.2","  13.0","40",
"10/12/2021  10:40:00.000","    90925000","  13.2","   0.5","  11.8","  14.2","40",
"10/12/2021  10:50:00.000","    90950000","  14.9","   0.3","  14.1","  15.8","76",
"10/12/2021  10:50:00.000","    90975000","  16.2","   0.4","  15.2","  17.4","76",
"10/12/2021  10:50:00.000","    91000000","  17.1","   0.6","  16.0","  18.7","76",
"10/12/2021  10:50:00.000","    91025000","  16.4","   0.4","  15.4","  17.4","76",
"10/12/2021  10:40:00.000","    91050000","  14.5","   0.5","  13.1","  15.5","40",
"10/12/2021  10:40:00.000","    91075000","  12.7","   0.7","  10.7","  14.1","40",
"10/12/2021  10:40:00.000","    91100000","  10.9","   0.6","   9.5","  12.3","40",
"10/12/2021  10:40:00.000","    91125000","  10.0","   0.4","   9.2","  11.0","40",
"10/12/2021  10:40:00.000","    91150000","   9.6","   0.2","   9.2","  10.2","40",
"10/12/2021  10:50:00.000","    91175000","   9.4","   0.3","   9.1","  10.6","76",
"10/12/2021  10:50:00.000","    91200000","   9.6","   0.2","   9.4","  10.7","76",
"10/12/2021  10:50:00.000","    91225000","   9.3","   0.2","   9.1","  10.6","76",
"10/12/2021  10:50:00.000","    91250000","   9.5","   0.2","   9.3","  10.7","76",
"10/12/2021  10:50:00.000","    91275000","   9.6","   0.2","   9.3","  10.7","76",
"10/12/2021  10:50:00.000","    91300000","  10.1","   0.2","   9.9","  11.2","76",
"10/12/2021  10:50:00.000","    91325000","  10.1","   0.2","   9.9","  11.3","76",
"10/12/2021  10:50:00.000","    91350000","  10.1","   0.4","   9.6","  11.3","76",
"10/12/2021  10:50:00.000","    91375000","  12.8","   1.0","  10.7","  15.5","76",
"10/12/2021  10:50:00.000","    91400000","  18.6","   1.7","  14.2","  22.3","76",
"10/12/2021  10:50:00.000","    91425000","  24.4","   2.2","  16.6","  27.8","76",
"10/12/2021  10:40:00.000","    91450000","  30.7","   1.1","  28.3","  32.7","40",
"10/12/2021  12:10:00.000","    91475000","  37.5","   1.0","  34.7","  39.4","76",
"10/12/2021  12:20:00.000","    91500000","  40.3","   1.6","  36.4","  43.2","76",
"10/12/2021  12:10:00.000","    91525000","  37.8","   0.9","  35.4","  39.6","76",
"10/12/2021  10:40:00.000","    91550000","  31.3","   1.2","  28.2","  33.3","40",
"10/12/2021  10:50:00.000","    91575000","  23.9","   2.7","  13.0","  28.3","76",
"10/12/2021  10:50:00.000","    91600000","  16.8","   2.6","   9.1","  22.2","76",
"10/12/2021  10:50:00.000","    91625000","  12.6","   1.7","   9.2","  16.9","76",
"10/12/2021  10:50:00.000","    91650000","  11.0","   0.9","   9.4","  13.5","76",
"10/12/2021  10:50:00.000","    91675000","  10.7","   0.5","   9.9","  12.0","76",
"10/12/2021  10:50:00.000","    91700000","   9.9","   0.3","   9.4","  10.6","76",
"10/12/2021  10:50:00.000","    91725000","  10.2","   0.3","   9.8","  11.1","76",
"10/12/2021  10:50:00.000","    91750000","  11.0","   0.3","  10.5","  11.9","76",
"10/12/2021  10:50:00.000","    91775000","  11.9","   0.3","  11.2","  12.9","76",
"10/12/2021  10:50:00.000","    91800000","  12.6","   0.3","  12.0","  13.6","76",
"10/12/2021  10:50:00.000","    91825000","  12.1","   0.3","  11.6","  12.9","76",
"10/12/2021  11:20:00.000","    91850000","  11.7","   0.2","  11.3","  12.2","76",
"10/12/2021  11:20:00.000","    91875000","  10.8","   0.2","  10.4","  11.4","76",
"10/12/2021  11:20:00.000","    91900000","   9.8","   0.2","   9.4","  10.4","76",
"10/12/2021  10:40:00.000","    91925000","   9.5","   0.2","   9.2","   9.9","40",
"10/12/2021  10:50:00.000","    91950000","   9.1","   0.2","   8.9","  10.1","76",
"10/12/2021  10:50:00.000","    91975000","   9.2","   0.2","   9.1","  10.2","76",
"10/12/2021  12:40:00.000","    92000000","   9.4","   0.3","   9.0","  10.3","54",
"10/12/2021  10:50:00.000","    92025000","   9.2","   0.2","   9.0","  10.2","76",
"10/12/2021  11:20:00.000","    92050000","   9.7","   0.5","   9.3","  13.3","76",
"10/12/2021  10:40:00.000","    92075000","  10.8","   0.7","   9.8","  12.5","40",
"10/12/2021  10:40:00.000","    92100000","  13.0","   1.5","  10.8","  16.1","40",
"10/12/2021  11:20:00.000","    92125000","  15.3","   2.5","  10.7","  23.3","76",
"10/12/2021  11:20:00.000","    92150000","  20.1","   2.7","  13.7","  23.8","76",
"10/12/2021  11:20:00.000","    92175000","  24.8","   1.7","  19.6","  26.9","76",
"10/12/2021  11:20:00.000","    92200000","  29.2","   1.4","  22.2","  32.3","76",
"10/12/2021  10:50:00.000","    92225000","  31.0","   1.6","  26.7","  34.7","76",
"10/12/2021  11:20:00.000","    92250000","  29.3","   1.4","  22.5","  32.4","76",
"10/12/2021  11:20:00.000","    92275000","  24.8","   1.7","  19.4","  26.8","76",
"10/12/2021  11:20:00.000","    92300000","  19.1","   3.6","   9.8","  24.0","76",
"10/12/2021  11:20:00.000","    92325000","  14.6","   3.0","   8.9","  23.8","76",
"10/12/2021  10:40:00.000","    92350000","  11.6","   1.8","   8.8","  15.0","40",
"10/12/2021  10:40:00.000","    92375000","  10.7","   0.7","   9.7","  12.0","40",
"10/12/2021  10:40:00.000","    92400000","  11.9","   0.3","  11.5","  13.1","40",
"10/12/2021  11:20:00.000","    92425000","  10.9","   1.4","  10.5","  22.7","76",
"10/12/2021  12:30:00.000","    92450000","   9.9","   1.2","   9.0","  15.1","76",
"10/12/2021  12:00:00.000","    92475000","  12.3","   3.0","   9.4","  22.4","75",
"10/12/2021  12:00:00.000","    92500000","  18.7","   6.1","   9.7","  31.6","75",
"10/12/2021  12:00:00.000","    92525000","  29.6","   6.4","  14.4","  39.6","75",
"10/12/2021  12:00:00.000","    92550000","  41.0","   2.6","  34.5","  45.0","75",
"10/12/2021  10:40:00.000","    92575000","  49.3","   2.0","  47.1","  53.4","40",
"10/12/2021  10:40:00.000","    92600000","  53.2","   2.0","  51.0","  57.5","40",
"10/12/2021  10:40:00.000","    92625000","  49.2","   2.0","  47.0","  53.4","40",
"10/12/2021  12:00:00.000","    92650000","  41.1","   2.7","  34.4","  44.8","75",
"10/12/2021  12:00:00.000","    92675000","  30.0","   6.7","  15.1","  40.4","75",
"10/12/2021  12:00:00.000","    92700000","  19.6","   6.4","   9.9","  32.6","75",
"10/12/2021  12:00:00.000","    92725000","  13.0","   3.0","   9.4","  23.6","75",
"10/12/2021  11:20:00.000","    92750000","  12.4","   1.3","  10.9","  22.5","76",
"10/12/2021  12:30:00.000","    92775000","  15.2","   0.4","  14.3","  16.1","76",
"10/12/2021  12:10:00.000","    92800000","  17.5","   1.2","  14.1","  19.7","76",
"10/12/2021  12:20:00.000","    92825000","  15.5","   0.3","  14.6","  16.2","76",
"10/12/2021  11:40:00.000","    92850000","  13.3","   0.5","  11.5","  14.5","76",
"10/12/2021  11:40:00.000","    92875000","  11.6","   0.6","   9.6","  13.3","76",
"10/12/2021  11:40:00.000","    92900000","  10.6","   0.5","   9.4","  11.9","76",
"10/12/2021  11:20:00.000","    92925000","  10.5","   0.4","   9.9","  11.9","76",
"10/12/2021  10:40:00.000","    92950000","  11.2","   0.3","  10.9","  11.9","40",
"10/12/2021  10:40:00.000","    92975000","  11.1","   0.2","  10.5","  11.5","40",
"10/12/2021  10:50:00.000","    93000000","  11.0","   0.2","  10.6","  11.5","76",
"10/12/2021  10:50:00.000","    93025000","  11.2","   0.4","  10.6","  12.4","76",
"10/12/2021  10:50:00.000","    93050000","  10.5","   0.2","  10.1","  11.0","76",
"10/12/2021  11:10:00.000","    93075000","   9.7","   0.3","   9.0","  10.7","76",
"10/12/2021  10:50:00.000","    93100000","   9.1","   0.3","   8.6","  10.0","76",
"10/12/2021  11:30:00.000","    93125000","   8.8","   0.2","   8.5","   9.8","76",
"10/12/2021  11:30:00.000","    93150000","   8.8","   0.2","   8.6","   9.8","76",
"10/12/2021  11:30:00.000","    93175000","   8.7","   0.2","   8.5","   9.7","76",
"10/12/2021  11:30:00.000","    93200000","   8.8","   0.2","   8.6","   9.8","76",
"10/12/2021  11:30:00.000","    93225000","   8.8","   0.2","   8.6","   9.8","76",
"10/12/2021  12:00:00.000","    93250000","   9.0","   0.1","   8.8","   9.3","75",
"10/12/2021  12:30:00.000","    93275000","   9.0","   0.2","   8.8","  10.0","76",
"10/12/2021  12:30:00.000","    93300000","   9.6","   0.2","   9.4","  10.4","76",
"10/12/2021  10:40:00.000","    93325000","  10.4","   0.3","   9.9","  11.1","40",
"10/12/2021  10:40:00.000","    93350000","  10.6","   0.3","   9.9","  11.3","40",
"10/12/2021  10:40:00.000","    93375000","  11.4","   0.4","  10.6","  12.3","40",
"10/12/2021  10:40:00.000","    93400000","  11.9","   0.5","  11.0","  12.9","40",
"10/12/2021  10:50:00.000","    93425000","  12.2","   0.6","  11.1","  14.6","76",
"10/12/2021  10:50:00.000","    93450000","  13.7","   1.8","  11.1","  19.6","76",
"10/12/2021  10:50:00.000","    93475000","  19.3","   3.5","  12.2","  27.7","76",
"10/12/2021  10:50:00.000","    93500000","  28.6","   3.6","  19.1","  35.5","76",
"10/12/2021  10:50:00.000","    93525000","  38.9","   2.3","  32.2","  42.7","76",
"10/12/2021  10:50:00.000","    93550000","  47.5","   1.0","  45.0","  49.2","76",
"10/12/2021  11:20:00.000","    93575000","  54.0","   0.4","  53.3","  55.0","76",
"10/12/2021  11:10:00.000","    93600000","  56.9","   0.8","  54.9","  58.9","76",
"10/12/2021  11:10:00.000","    93625000","  54.4","   0.4","  53.5","  55.3","76",
"10/12/2021  10:50:00.000","    93650000","  48.2","   0.9","  45.7","  49.7","76",
"10/12/2021  10:50:00.000","    93675000","  39.6","   2.4","  32.8","  43.6","76",
"10/12/2021  10:50:00.000","    93700000","  29.9","   3.7","  20.4","  37.3","76",
"10/12/2021  10:50:00.000","    93725000","  21.2","   3.5","  14.4","  29.8","76",
"10/12/2021  10:50:00.000","    93750000","  15.5","   2.2","  12.5","  22.3","76",
"10/12/2021  10:50:00.000","    93775000","  12.3","   1.0","  10.7","  15.8","76",
"10/12/2021  10:40:00.000","    93800000","  10.8","   0.4","   9.9","  11.9","40",
"10/12/2021  10:40:00.000","    93825000","  10.0","   0.3","   9.4","  10.7","40",
"10/12/2021  11:10:00.000","    93850000","   9.4","   0.3","   8.8","  10.5","76",
"10/12/2021  11:10:00.000","    93875000","   9.1","   0.2","   8.6","  10.2","76",
"10/12/2021  11:10:00.000","    93900000","   9.0","   0.3","   8.5","  10.2","76",
"10/12/2021  11:10:00.000","    93925000","   9.1","   0.3","   8.6","  10.3","76",
"10/12/2021  11:10:00.000","    93950000","   9.4","   0.3","   8.8","  10.6","76",
"10/12/2021  10:50:00.000","    93975000","   9.9","   0.3","   9.4","  10.5","76",
"10/12/2021  10:50:00.000","    94000000","  10.3","   0.4","   9.6","  11.2","76",
"10/12/2021  11:10:00.000","    94025000","  10.0","   0.2","   9.7","  11.0","76",
"10/12/2021  11:10:00.000","    94050000","  10.0","   0.2","   9.6","  11.1","76",
"10/12/2021  11:10:00.000","    94075000","  10.3","   0.2","   9.7","  11.5","76",
"10/12/2021  11:10:00.000","    94100000","  11.1","   0.2","  10.5","  12.1","76",
"10/12/2021  11:20:00.000","    94125000","  11.8","   0.3","  11.4","  12.9","76",
"10/12/2021  10:50:00.000","    94150000","  11.9","   0.3","  11.3","  12.6","76",
"10/12/2021  10:50:00.000","    94175000","  12.5","   0.3","  12.0","  13.0","76",
"10/12/2021  10:50:00.000","    94200000","  12.8","   0.3","  12.3","  13.5","76",
"10/12/2021  10:50:00.000","    94225000","  12.4","   0.3","  11.8","  13.0","76",
"10/12/2021  10:50:00.000","    94250000","  11.6","   0.3","  11.1","  12.3","76",
"10/12/2021  11:10:00.000","    94275000","  11.3","   0.2","  10.9","  12.4","76",
"10/12/2021  11:10:00.000","    94300000","  12.1","   0.5","  11.4","  13.3","76",
"10/12/2021  11:10:00.000","    94325000","  14.7","   1.9","  11.8","  18.2","76",
"10/12/2021  11:50:00.000","    94350000","  21.5","   3.0","  11.5","  25.6","76",
"10/12/2021  11:00:00.000","    94375000","  31.3","   3.7","  14.0","  37.1","76",
"10/12/2021  10:50:00.000","    94400000","  42.0","   3.9","  23.4","  45.9","76",
"10/12/2021  11:10:00.000","    94425000","  51.2","   2.5","  40.7","  54.5","76",
"10/12/2021  11:10:00.000","    94450000","  57.6","   1.2","  52.6","  59.1","76",
"10/12/2021  11:10:00.000","    94475000","  61.1","   0.6","  59.8","  62.4","76",
"10/12/2021  11:10:00.000","    94500000","  61.8","   1.2","  59.5","  64.8","76",
"10/12/2021  11:10:00.000","    94525000","  59.4","   0.8","  57.6","  61.4","76",
"10/12/2021  11:10:00.000","    94550000","  54.1","   0.9","  50.4","  55.5","76",
"10/12/2021  11:10:00.000","    94575000","  46.0","   2.3","  36.3","  49.4","76",
"10/12/2021  11:10:00.000","    94600000","  35.6","   3.4","  22.5","  40.4","76",
"10/12/2021  11:10:00.000","    94625000","  24.9","   3.5","  14.8","  30.0","76",
"10/12/2021  11:10:00.000","    94650000","  16.3","   2.3","  12.0","  20.3","76",
"10/12/2021  11:10:00.000","    94675000","  12.2","   0.7","  11.3","  13.8","76",
"10/12/2021  11:10:00.000","    94700000","  10.8","   0.2","  10.4","  12.0","76",
"10/12/2021  11:10:00.000","    94725000","  10.3","   0.2","   9.8","  11.5","76",
"10/12/2021  11:10:00.000","    94750000","  10.0","   0.2","   9.5","  11.1","76",
"10/12/2021  11:10:00.000","    94775000","   9.7","   0.2","   9.2","  10.8","76",
"10/12/2021  11:10:00.000","    94800000","   9.5","   0.2","   9.0","  10.6","76",
"10/12/2021  11:10:00.000","    94825000","   9.3","   0.2","   8.9","  10.5","76",
"10/12/2021  11:10:00.000","    94850000","   9.3","   0.2","   8.8","  10.4","76",
"10/12/2021  11:10:00.000","    94875000","   9.3","   0.2","   8.8","  10.4","76",
"10/12/2021  11:30:00.000","    94900000","   9.3","   0.2","   8.9","  10.0","76",
"10/12/2021  11:30:00.000","    94925000","   9.3","   0.2","   9.1","  10.1","76",
"10/12/2021  11:30:00.000","    94950000","   9.4","   0.2","   9.1","  10.2","76",
"10/12/2021  11:30:00.000","    94975000","   9.7","   0.2","   9.4","  10.5","76",
"10/12/2021  11:30:00.000","    95000000","   9.9","   0.2","   9.6","  10.7","76",
"10/12/2021  11:10:00.000","    95025000","  10.2","   0.2","   9.7","  11.1","76",
"10/12/2021  11:30:00.000","    95050000","  10.1","   0.2","   9.8","  10.8","76",
"10/12/2021  11:30:00.000","    95075000","  10.4","   0.2","  10.0","  11.1","76",
"10/12/2021  10:40:00.000","    95100000","  10.9","   0.3","  10.4","  11.6","40",
"10/12/2021  10:40:00.000","    95125000","  12.4","   1.0","  10.7","  14.6","40",
"10/12/2021  10:40:00.000","    95150000","  17.3","   2.4","  11.5","  21.8","40",
"10/12/2021  10:40:00.000","    95175000","  27.9","   3.1","  14.8","  32.4","40",
"10/12/2021  10:40:00.000","    95200000","  39.9","   3.0","  24.9","  43.2","40",
"10/12/2021  10:40:00.000","    95225000","  48.6","   2.0","  38.6","  50.8","40",
"10/12/2021  10:40:00.000","    95250000","  54.1","   0.7","  51.0","  55.1","40",
"10/12/2021  11:30:00.000","    95275000","  57.7","   1.2","  55.0","  60.3","76",
"10/12/2021  11:30:00.000","    95300000","  59.7","   1.8","  56.2","  63.6","76",
"10/12/2021  10:40:00.000","    95325000","  58.3","   0.6","  56.7","  60.2","40",
"10/12/2021  10:40:00.000","    95350000","  55.4","   0.8","  51.8","  56.5","40",
"10/12/2021  10:40:00.000","    95375000","  50.4","   2.1","  40.0","  52.7","40",
"10/12/2021  10:40:00.000","    95400000","  42.0","   3.0","  27.1","  45.5","40",
"10/12/2021  10:40:00.000","    95425000","  29.9","   3.1","  16.6","  34.4","40",
"10/12/2021  10:40:00.000","    95450000","  18.4","   2.3","  13.2","  22.6","40",
"10/12/2021  10:40:00.000","    95475000","  13.5","   1.0","  11.0","  15.8","40",
"10/12/2021  10:40:00.000","    95500000","  11.9","   0.8","  10.2","  13.1","40",
"10/12/2021  10:40:00.000","    95525000","  11.0","   0.8","   9.8","  12.7","40",
"10/12/2021  10:40:00.000","    95550000","  10.1","   0.6","   9.2","  12.2","40",
"10/12/2021  11:30:00.000","    95575000","   9.6","   0.2","   9.3","  10.4","76",
"10/12/2021  11:30:00.000","    95600000","   9.5","   0.2","   9.2","  10.3","76",
"10/12/2021  11:30:00.000","    95625000","   9.6","   0.2","   9.3","  10.4","76",
"10/12/2021  11:30:00.000","    95650000","   9.7","   0.2","   9.5","  10.5","76",
"10/12/2021  11:30:00.000","    95675000","   9.6","   0.2","   9.4","  10.3","76",
"10/12/2021  11:10:00.000","    95700000","   9.6","   0.2","   9.2","  10.5","76",
"10/12/2021  11:10:00.000","    95725000","   9.6","   0.2","   9.3","  10.6","76",
"10/12/2021  11:30:00.000","    95750000","  10.3","   0.1","  10.1","  11.0","76",
"10/12/2021  11:30:00.000","    95775000","  10.5","   0.1","  10.3","  11.2","76",
"10/12/2021  11:30:00.000","    95800000","   9.9","   0.2","   9.8","  10.6","76",
"10/12/2021  11:30:00.000","    95825000","  10.1","   0.3","   9.9","  11.6","76",
"10/12/2021  11:30:00.000","    95850000","  10.5","   0.6","  10.1","  14.0","76",
"10/12/2021  11:30:00.000","    95875000","  11.4","   1.8","  10.6","  20.9","76",
"10/12/2021  11:20:00.000","    95900000","  12.9","   4.2","  10.8","  29.1","76",
"10/12/2021  11:20:00.000","    95925000","  14.5","   6.0","  10.8","  35.1","76",
"10/12/2021  10:50:00.000","    95950000","  17.7","   5.9","  11.2","  35.9","76",
"10/12/2021  10:50:00.000","    95975000","  23.5","   6.8","  11.6","  37.1","76",
"10/12/2021  12:30:00.000","    96000000","  34.2","   6.8","  13.8","  44.5","76",
"10/12/2021  12:10:00.000","    96025000","  45.9","   3.9","  31.2","  52.7","76",
"10/12/2021  12:10:00.000","    96050000","  55.0","   1.6","  49.6","  57.8","76",
"10/12/2021  10:40:00.000","    96075000","  61.8","   0.7","  60.2","  62.9","40",
"10/12/2021  10:40:00.000","    96100000","  65.5","   1.1","  63.1","  67.3","40",
"10/12/2021  10:40:00.000","    96125000","  62.0","   0.5","  60.6","  62.9","40",
"10/12/2021  12:10:00.000","    96150000","  54.9","   1.7","  49.2","  58.1","76",
"10/12/2021  12:10:00.000","    96175000","  46.0","   3.9","  31.1","  52.4","76",
"10/12/2021  12:30:00.000","    96200000","  35.6","   7.1","  13.9","  45.9","76",
"10/12/2021  12:30:00.000","    96225000","  25.7","   7.3","  13.4","  40.1","76",
"10/12/2021  12:30:00.000","    96250000","  20.4","   4.5","  15.9","  32.4","76",
"10/12/2021  11:20:00.000","    96275000","  16.6","   5.6","  13.5","  35.9","76",
"10/12/2021  10:40:00.000","    96300000","  13.2","   2.4","  11.5","  24.1","40",
"10/12/2021  10:40:00.000","    96325000","  12.1","   1.1","  11.1","  16.9","40",
"10/12/2021  10:40:00.000","    96350000","  10.9","   0.6","  10.4","  14.0","40",
"10/12/2021  11:30:00.000","    96375000","  10.7","   0.3","  10.3","  12.0","76",
"10/12/2021  12:10:00.000","    96400000","  10.4","   0.4","   9.9","  13.3","76",
"10/12/2021  12:10:00.000","    96425000","  10.5","   0.4","  10.1","  13.2","76",
"10/12/2021  12:10:00.000","    96450000","  10.2","   0.3","   9.8","  12.8","76",
"10/12/2021  10:50:00.000","    96475000","   9.7","   0.2","   9.3","  10.2","76",
"10/12/2021  10:50:00.000","    96500000","   9.8","   0.2","   9.5","  10.3","76",
"10/12/2021  10:50:00.000","    96525000","   9.5","   0.2","   9.1","  10.0","76",
"10/12/2021  10:50:00.000","    96550000","   9.7","   0.2","   9.3","  10.2","76",
"10/12/2021  10:50:00.000","    96575000","   9.6","   0.3","   9.2","  10.3","76",
"10/12/2021  12:20:00.000","    96600000","   9.6","   0.3","   9.1","  10.1","76",
"10/12/2021  12:00:00.000","    96625000","   9.6","   0.2","   9.2","  10.4","75",
"10/12/2021  10:50:00.000","    96650000","   9.6","   0.3","   9.2","  10.2","76",
"10/12/2021  10:50:00.000","    96675000","   9.8","   0.2","   9.5","  10.4","76",
"10/12/2021  10:50:00.000","    96700000","   9.7","   0.3","   9.3","  10.4","76",
"10/12/2021  10:50:00.000","    96725000","   9.3","   0.3","   8.9","  10.1","76",
"10/12/2021  10:50:00.000","    96750000","   9.1","   0.4","   8.5","  10.0","76",
"10/12/2021  10:50:00.000","    96775000","   9.2","   0.4","   8.4","  10.4","76",
"10/12/2021  10:40:00.000","    96800000","  10.0","   0.4","   8.9","  10.9","40",
"10/12/2021  10:40:00.000","    96825000","  11.7","   0.5","  10.1","  12.8","40",
"10/12/2021  10:40:00.000","    96850000","  14.0","   0.4","  12.7","  15.0","40",
"10/12/2021  10:50:00.000","    96875000","  16.2","   0.3","  15.5","  17.2","76",
"10/12/2021  10:50:00.000","    96900000","  17.3","   0.5","  16.4","  18.7","76",
"10/12/2021  10:50:00.000","    96925000","  16.6","   0.4","  15.8","  17.6","76",
"10/12/2021  10:50:00.000","    96950000","  14.6","   0.5","  13.2","  16.0","76",
"10/12/2021  11:20:00.000","    96975000","  27.9","   2.3","  20.4","  32.1","76",
"10/12/2021  11:20:00.000","    97000000","  24.3","   2.1","  17.6","  28.2","76",
"10/12/2021  11:20:00.000","    97025000","  22.1","   1.9","  16.2","  25.4","76",
"10/12/2021  11:20:00.000","    97050000","  21.8","   1.8","  16.2","  26.2","76",
"10/12/2021  11:20:00.000","    97075000","  22.7","   2.0","  16.6","  27.6","76",
"10/12/2021  11:20:00.000","    97100000","  23.5","   2.1","  17.3","  28.3","76",
"10/12/2021  11:20:00.000","    97125000","  24.0","   2.0","  17.6","  28.7","76",
"10/12/2021  11:20:00.000","    97150000","  24.3","   2.1","  17.8","  29.1","76",
"10/12/2021  11:20:00.000","    97175000","  24.7","   2.2","  18.0","  30.0","76",
"10/12/2021  11:20:00.000","    97200000","  25.0","   2.3","  18.0","  30.5","76",
"10/12/2021  11:20:00.000","    97225000","  25.2","   2.3","  17.9","  29.6","76",
"10/12/2021  11:20:00.000","    97250000","  25.2","   2.5","  17.6","  30.3","76",
"10/12/2021  11:20:00.000","    97275000","  25.3","   2.9","  17.4","  31.3","76",
"10/12/2021  11:20:00.000","    97300000","  25.9","   3.2","  17.4","  32.9","76",
"10/12/2021  11:20:00.000","    97325000","  27.4","   3.5","  17.9","  35.2","76",
"10/12/2021  11:20:00.000","    97350000","  29.2","   4.3","  18.6","  43.4","76",
"10/12/2021  11:20:00.000","    97375000","  30.5","   5.0","  19.2","  48.2","76",
"10/12/2021  11:20:00.000","    97400000","  31.1","   5.2","  19.6","  49.7","76",
"10/12/2021  11:20:00.000","    97425000","  31.0","   5.0","  19.9","  48.7","76",
"10/12/2021  11:20:00.000","    97450000","  30.1","   4.2","  19.9","  44.5","76",
"10/12/2021  11:20:00.000","    97475000","  28.7","   3.4","  19.7","  36.7","76",
"10/12/2021  11:20:00.000","    97500000","  27.2","   3.3","  19.5","  34.9","76",
"10/12/2021  11:20:00.000","    97525000","  26.1","   3.1","  19.4","  32.9","76",
"10/12/2021  11:20:00.000","    97550000","  25.4","   2.8","  19.5","  31.3","76",
"10/12/2021  10:50:00.000","    97575000","  26.0","   2.4","  21.0","  32.3","76",
"10/12/2021  11:40:00.000","    97600000","  34.9","   3.7","  20.0","  40.2","76",
"10/12/2021  11:40:00.000","    97625000","  50.2","   3.7","  31.8","  54.0","76",
"10/12/2021  11:40:00.000","    97650000","  61.4","   1.4","  54.9","  63.1","76",
"10/12/2021  12:30:00.000","    97675000","  69.2","   0.6","  67.4","  70.8","76",
"10/12/2021  12:40:00.000","    97700000","  72.2","   1.3","  69.9","  75.0","54",
"10/12/2021  12:40:00.000","    97725000","  70.0","   0.5","  68.6","  71.1","54",
"10/12/2021  11:40:00.000","    97750000","  63.3","   1.6","  55.7","  65.1","76",
"10/12/2021  11:40:00.000","    97775000","  52.8","   3.5","  33.9","  56.4","76",
"10/12/2021  11:40:00.000","    97800000","  37.5","   3.5","  20.6","  41.8","76",
"10/12/2021  10:50:00.000","    97825000","  27.0","   1.7","  22.7","  30.5","76",
"10/12/2021  11:20:00.000","    97850000","  26.5","   2.0","  22.2","  33.3","76",
"10/12/2021  11:20:00.000","    97875000","  28.0","   2.3","  22.8","  36.3","76",
"10/12/2021  11:20:00.000","    97900000","  28.8","   2.6","  23.1","  37.3","76",
"10/12/2021  11:20:00.000","    97925000","  28.5","   2.4","  22.8","  37.0","76",
"10/12/2021  11:20:00.000","    97950000","  27.6","   2.2","  22.1","  34.8","76",
"10/12/2021  11:20:00.000","    97975000","  26.8","   2.1","  21.2","  32.3","76",
"10/12/2021  11:20:00.000","    98000000","  26.2","   2.1","  20.1","  31.2","76",
"10/12/2021  11:20:00.000","    98025000","  25.5","   2.1","  19.1","  30.1","76",
"10/12/2021  11:20:00.000","    98050000","  24.9","   2.1","  18.2","  28.2","76",
"10/12/2021  11:20:00.000","    98075000","  24.3","   2.1","  17.5","  28.0","76",
"10/12/2021  11:20:00.000","    98100000","  24.1","   2.3","  17.2","  28.3","76",
"10/12/2021  11:20:00.000","    98125000","  24.8","   2.4","  17.3","  29.1","76",
"10/12/2021  11:20:00.000","    98150000","  25.9","   2.8","  17.8","  33.2","76",
"10/12/2021  11:20:00.000","    98175000","  26.7","   3.3","  18.1","  36.7","76",
"10/12/2021  11:20:00.000","    98200000","  26.9","   3.5","  18.3","  37.9","76",
"10/12/2021  11:20:00.000","    98225000","  26.8","   3.3","  18.4","  36.7","76",
"10/12/2021  11:20:00.000","    98250000","  26.2","   2.8","  18.2","  33.6","76",
"10/12/2021  11:20:00.000","    98275000","  25.2","   2.3","  18.1","  29.7","76",
"10/12/2021  11:20:00.000","    98300000","  24.3","   2.1","  18.0","  28.6","76",
"10/12/2021  11:20:00.000","    98325000","  23.8","   2.0","  18.4","  27.5","76",
"10/12/2021  10:50:00.000","    98350000","  25.1","   2.7","  17.3","  33.3","76",
"10/12/2021  10:40:00.000","    98375000","  30.3","   2.4","  24.6","  36.0","40",
"10/12/2021  10:40:00.000","    98400000","  37.9","   2.0","  33.8","  42.9","40",
"10/12/2021  10:40:00.000","    98425000","  46.5","   1.4","  44.0","  50.1","40",
"10/12/2021  10:40:00.000","    98450000","  53.9","   1.0","  51.8","  56.3","40",
"10/12/2021  10:40:00.000","    98475000","  58.2","   1.1","  55.5","  60.4","40",
"10/12/2021  10:40:00.000","    98500000","  59.6","   1.2","  56.3","  62.4","40",
"10/12/2021  10:40:00.000","    98525000","  58.2","   1.0","  55.0","  60.3","40",
"10/12/2021  10:40:00.000","    98550000","  54.4","   1.0","  52.1","  56.4","40",
"10/12/2021  10:40:00.000","    98575000","  48.1","   1.3","  45.7","  51.3","40",
"10/12/2021  10:40:00.000","    98600000","  39.8","   1.8","  36.0","  44.2","40",
"10/12/2021  10:40:00.000","    98625000","  31.8","   2.1","  26.7","  36.3","40",
"10/12/2021  10:50:00.000","    98650000","  26.5","   2.9","  18.0","  34.4","76",
"10/12/2021  11:20:00.000","    98675000","  25.0","   2.1","  18.7","  30.2","76",
"10/12/2021  11:20:00.000","    98700000","  25.1","   2.2","  18.6","  30.6","76",
"10/12/2021  11:20:00.000","    98725000","  25.2","   2.1","  18.8","  30.2","76",
"10/12/2021  11:20:00.000","    98750000","  25.4","   1.9","  19.1","  29.7","76",
"10/12/2021  11:20:00.000","    98775000","  25.7","   1.8","  19.4","  29.6","76",
"10/12/2021  11:20:00.000","    98800000","  25.7","   1.8","  19.4","  29.3","76",
"10/12/2021  11:20:00.000","    98825000","  25.3","   1.8","  19.0","  28.6","76",
"10/12/2021  11:20:00.000","    98850000","  24.5","   1.8","  18.4","  27.5","76",
"10/12/2021  11:20:00.000","    98875000","  23.8","   1.8","  17.6","  26.9","76",
"10/12/2021  11:20:00.000","    98900000","  23.4","   1.9","  17.0","  27.0","76",
"10/12/2021  11:20:00.000","    98925000","  23.7","   2.1","  16.9","  27.4","76",
"10/12/2021  11:20:00.000","    98950000","  24.4","   2.3","  17.2","  29.7","76",
"10/12/2021  11:20:00.000","    98975000","  24.9","   2.5","  17.7","  31.7","76",
"10/12/2021  11:20:00.000","    99000000","  25.1","   2.5","  18.2","  32.5","76",
"10/12/2021  11:20:00.000","    99025000","  25.1","   2.5","  18.2","  31.9","76",
"10/12/2021  11:20:00.000","    99050000","  24.9","   2.3","  18.1","  30.6","76",
"10/12/2021  11:20:00.000","    99075000","  24.6","   2.1","  18.1","  29.3","76",
"10/12/2021  11:20:00.000","    99100000","  24.3","   2.0","  18.0","  28.6","76",
"10/12/2021  11:20:00.000","    99125000","  23.8","   1.8","  17.9","  27.3","76",
"10/12/2021  11:20:00.000","    99150000","  23.2","   1.6","  17.9","  26.2","76",
"10/12/2021  11:20:00.000","    99175000","  24.1","   1.3","  20.0","  26.9","76",
"10/12/2021  10:40:00.000","    99200000","  32.2","   0.9","  30.3","  33.8","40",
"10/12/2021  10:40:00.000","    99225000","  43.9","   0.9","  41.8","  45.4","40",
"10/12/2021  10:40:00.000","    99250000","  53.4","   0.6","  51.8","  54.7","40",
"10/12/2021  11:00:00.000","    99275000","  58.9","   0.6","  57.7","  59.9","76",
"10/12/2021  12:40:00.000","    99300000","  60.8","   1.1","  58.9","  63.3","54",
"10/12/2021  11:00:00.000","    99325000","  58.2","   0.6","  56.9","  59.4","76",
"10/12/2021  10:40:00.000","    99350000","  52.2","   0.6","  50.6","  53.4","40",
"10/12/2021  10:40:00.000","    99375000","  42.1","   0.8","  40.2","  43.7","40",
"10/12/2021  10:40:00.000","    99400000","  30.4","   0.9","  28.3","  32.3","40",
"10/12/2021  11:20:00.000","    99425000","  23.8","   1.5","  19.9","  27.3","76",
"10/12/2021  11:20:00.000","    99450000","  22.2","   1.7","  17.2","  26.1","76",
"10/12/2021  11:20:00.000","    99475000","  22.5","   1.8","  16.9","  25.9","76",
"10/12/2021  11:20:00.000","    99500000","  23.8","   1.9","  18.0","  27.2","76",
"10/12/2021  11:20:00.000","    99525000","  25.9","   2.1","  19.7","  30.7","76",
"10/12/2021  11:20:00.000","    99550000","  28.0","   2.4","  21.3","  34.6","76",
"10/12/2021  11:20:00.000","    99575000","  29.4","   2.5","  22.2","  37.0","76",
"10/12/2021  11:20:00.000","    99600000","  29.6","   2.5","  22.4","  37.2","76",
"10/12/2021  11:20:00.000","    99625000","  28.7","   2.3","  21.7","  35.6","76",
"10/12/2021  11:20:00.000","    99650000","  27.0","   2.1","  20.3","  32.2","76",
"10/12/2021  11:20:00.000","    99675000","  25.0","   1.9","  18.6","  28.2","76",
"10/12/2021  11:20:00.000","    99700000","  23.5","   1.9","  17.4","  26.9","76",
"10/12/2021  11:20:00.000","    99725000","  23.2","   1.9","  17.1","  26.6","76",
"10/12/2021  11:20:00.000","    99750000","  23.8","   1.9","  17.4","  27.1","76",
"10/12/2021  11:20:00.000","    99775000","  24.5","   2.0","  17.8","  27.8","76",
"10/12/2021  11:20:00.000","    99800000","  25.2","   2.1","  18.3","  29.3","76",
"10/12/2021  11:20:00.000","    99825000","  25.8","   2.3","  18.5","  31.3","76",
"10/12/2021  11:20:00.000","    99850000","  26.2","   2.6","  18.6","  34.2","76",
"10/12/2021  11:20:00.000","    99875000","  26.6","   2.9","  18.8","  37.0","76",
"10/12/2021  11:20:00.000","    99900000","  26.6","   2.9","  18.7","  37.9","76",
"10/12/2021  11:20:00.000","    99925000","  26.1","   2.7","  18.3","  36.1","76",
"10/12/2021  11:20:00.000","    99950000","  25.2","   2.4","  17.7","  32.2","76",
"10/12/2021  11:20:00.000","    99975000","  24.2","   2.1","  17.2","  28.0","76",
"10/12/2021  11:20:00.000","   100000000","  23.7","   2.0","  17.3","  27.3","76",
"10/12/2021  11:20:00.000","   100025000","  24.1","   1.9","  17.9","  27.5","76",
"10/12/2021  11:20:00.000","   100050000","  25.5","   2.0","  19.1","  28.8","76",
"10/12/2021  11:20:00.000","   100075000","  26.8","   2.1","  20.2","  31.5","76",
"10/12/2021  11:20:00.000","   100100000","  27.2","   2.2","  20.7","  32.9","76",
"10/12/2021  11:20:00.000","   100125000","  26.6","   2.0","  20.3","  31.3","76",
"10/12/2021  11:20:00.000","   100150000","  25.2","   1.8","  19.2","  28.7","76",
"10/12/2021  11:20:00.000","   100175000","  23.7","   1.6","  18.2","  27.2","76",
"10/12/2021  11:20:00.000","   100200000","  22.8","   1.5","  18.0","  26.1","76",
"10/12/2021  11:20:00.000","   100225000","  23.0","   1.3","  19.6","  26.0","76",
"10/12/2021  11:20:00.000","   100250000","  25.0","   0.9","  23.1","  27.1","76",
"10/12/2021  10:50:00.000","   100275000","  28.1","   0.5","  26.8","  29.0","76",
"10/12/2021  10:40:00.000","   100300000","  30.7","   0.9","  29.0","  33.4","40",
"10/12/2021  10:50:00.000","   100325000","  29.8","   0.9","  27.3","  31.4","76",
"10/12/2021  11:20:00.000","   100350000","  29.4","   1.6","  25.5","  33.6","76",
"10/12/2021  11:20:00.000","   100375000","  29.9","   2.2","  23.7","  35.1","76",
"10/12/2021  11:20:00.000","   100400000","  30.3","   2.4","  23.3","  35.8","76",
"10/12/2021  11:20:00.000","   100425000","  29.8","   2.4","  22.5","  35.5","76",
"10/12/2021  11:20:00.000","   100450000","  28.3","   2.3","  21.2","  34.0","76",
"10/12/2021  11:20:00.000","   100475000","  26.4","   2.1","  19.6","  31.2","76",
"10/12/2021  11:20:00.000","   100500000","  24.5","   2.1","  18.0","  28.0","76",
"10/12/2021  11:20:00.000","   100525000","  23.5","   2.1","  17.1","  27.3","76",
"10/12/2021  11:20:00.000","   100550000","  23.8","   2.1","  17.0","  27.8","76",
"10/12/2021  11:20:00.000","   100575000","  24.7","   2.2","  17.5","  28.7","76",
"10/12/2021  11:20:00.000","   100600000","  25.9","   2.4","  18.3","  30.3","76",
"10/12/2021  11:20:00.000","   100625000","  27.0","   2.6","  18.9","  33.1","76",
"10/12/2021  11:20:00.000","   100650000","  27.9","   2.9","  19.4","  35.5","76",
"10/12/2021  11:20:00.000","   100675000","  28.6","   3.2","  19.6","  37.3","76",
"10/12/2021  11:20:00.000","   100700000","  28.8","   3.3","  19.5","  38.0","76",
"10/12/2021  11:20:00.000","   100725000","  28.3","   3.2","  19.0","  37.1","76",
"10/12/2021  11:20:00.000","   100750000","  27.3","   3.0","  18.3","  35.2","76",
"10/12/2021  11:20:00.000","   100775000","  26.0","   2.7","  17.5","  32.3","76",
"10/12/2021  11:20:00.000","   100800000","  24.8","   2.4","  17.1","  29.3","76",
"10/12/2021  11:20:00.000","   100825000","  24.4","   2.2","  17.4","  28.5","76",
"10/12/2021  11:20:00.000","   100850000","  24.7","   2.1","  18.0","  28.2","76",
"10/12/2021  11:20:00.000","   100875000","  25.2","   2.1","  18.7","  29.9","76",
"10/12/2021  11:20:00.000","   100900000","  25.4","   2.1","  19.0","  30.7","76",
"10/12/2021  11:20:00.000","   100925000","  25.1","   2.1","  18.8","  30.3","76",
"10/12/2021  11:20:00.000","   100950000","  24.5","   2.0","  18.4","  28.9","76",
"10/12/2021  11:20:00.000","   100975000","  23.6","   1.9","  17.7","  27.5","76",
"10/12/2021  11:20:00.000","   101000000","  22.9","   1.8","  17.1","  26.3","76",
"10/12/2021  11:20:00.000","   101025000","  22.4","   1.7","  17.1","  25.6","76",
"10/12/2021  11:20:00.000","   101050000","  22.8","   1.6","  18.3","  25.9","76",
"10/12/2021  11:10:00.000","   101075000","  26.4","   2.7","  18.7","  33.0","76",
"10/12/2021  11:10:00.000","   101100000","  34.5","   3.2","  23.1","  41.0","76",
"10/12/2021  11:10:00.000","   101125000","  44.0","   2.3","  33.4","  48.2","76",
"10/12/2021  11:10:00.000","   101150000","  52.2","   0.9","  48.0","  53.7","76",
"10/12/2021  12:20:00.000","   101175000","  57.7","   0.7","  55.4","  58.8","76",
"10/12/2021  12:20:00.000","   101200000","  60.0","   1.1","  55.7","  62.3","76",
"10/12/2021  12:20:00.000","   101225000","  58.1","   0.6","  55.9","  59.0","76",
"10/12/2021  11:10:00.000","   101250000","  53.3","   1.1","  48.6","  55.0","76",
"10/12/2021  11:10:00.000","   101275000","  46.0","   2.6","  34.6","  50.7","76",
"10/12/2021  11:10:00.000","   101300000","  37.1","   3.6","  23.4","  44.2","76",
"10/12/2021  11:10:00.000","   101325000","  28.7","   3.3","  20.8","  36.4","76",
"10/12/2021  11:20:00.000","   101350000","  23.8","   1.9","  19.0","  27.6","76",
"10/12/2021  11:20:00.000","   101375000","  23.1","   1.9","  17.8","  26.6","76",
"10/12/2021  11:20:00.000","   101400000","  24.0","   2.0","  17.9","  28.0","76",
"10/12/2021  11:20:00.000","   101425000","  25.2","   2.1","  18.5","  29.5","76",
"10/12/2021  11:20:00.000","   101450000","  26.4","   2.5","  19.1","  33.5","76",
"10/12/2021  11:20:00.000","   101475000","  27.3","   3.0","  19.5","  36.6","76",
"10/12/2021  11:20:00.000","   101500000","  27.6","   3.2","  19.5","  37.6","76",
"10/12/2021  11:20:00.000","   101525000","  27.2","   3.0","  19.3","  36.6","76",
"10/12/2021  11:20:00.000","   101550000","  26.2","   2.5","  18.8","  33.7","76",
"10/12/2021  11:20:00.000","   101575000","  24.9","   2.3","  17.9","  30.3","76",
"10/12/2021  11:20:00.000","   101600000","  24.1","   2.2","  17.3","  28.9","76",
"10/12/2021  11:20:00.000","   101625000","  24.0","   2.2","  17.4","  28.6","76",
"10/12/2021  11:20:00.000","   101650000","  24.3","   2.2","  17.7","  28.9","76",
"10/12/2021  11:20:00.000","   101675000","  24.6","   2.3","  17.9","  29.8","76",
"10/12/2021  11:20:00.000","   101700000","  24.6","   2.3","  18.0","  30.1","76",
"10/12/2021  11:20:00.000","   101725000","  24.4","   2.2","  18.0","  29.5","76",
"10/12/2021  11:20:00.000","   101750000","  23.9","   1.9","  17.9","  27.9","76",
"10/12/2021  11:20:00.000","   101775000","  23.3","   1.7","  17.8","  26.2","76",
"10/12/2021  11:20:00.000","   101800000","  22.8","   1.6","  17.6","  25.5","76",
"10/12/2021  11:20:00.000","   101825000","  22.4","   1.6","  17.6","  25.2","76",
"10/12/2021  11:20:00.000","   101850000","  22.6","   1.7","  17.8","  25.7","76",
"10/12/2021  11:20:00.000","   101875000","  23.7","   1.8","  18.7","  27.5","76",
"10/12/2021  11:20:00.000","   101900000","  25.6","   2.0","  20.2","  29.8","76",
"10/12/2021  10:50:00.000","   101925000","  31.2","   1.2","  28.4","  34.4","76",
"10/12/2021  12:30:00.000","   101950000","  49.4","   0.2","  48.7","  49.9","76",
"10/12/2021  12:30:00.000","   101975000","  63.9","   0.2","  63.2","  64.3","76",
"10/12/2021  12:30:00.000","   102000000","  68.3","   0.3","  67.5","  68.7","76",
"10/12/2021  12:30:00.000","   102025000","  63.9","   0.2","  63.2","  64.3","76",
"10/12/2021  12:30:00.000","   102050000","  49.2","   0.3","  48.4","  49.6","76",
"10/12/2021  10:50:00.000","   102075000","  30.9","   1.5","  27.5","  34.7","76",
"10/12/2021  11:20:00.000","   102100000","  25.4","   2.0","  20.7","  29.4","76",
"10/12/2021  11:20:00.000","   102125000","  23.4","   1.8","  19.2","  27.3","76",
"10/12/2021  11:20:00.000","   102150000","  22.9","   1.7","  18.7","  26.6","76",
"10/12/2021  11:20:00.000","   102175000","  23.5","   1.7","  19.0","  27.0","76",
"10/12/2021  11:20:00.000","   102200000","  24.6","   1.8","  19.5","  28.1","76",
"10/12/2021  11:20:00.000","   102225000","  25.9","   1.9","  20.2","  29.4","76",
"10/12/2021  11:20:00.000","   102250000","  27.1","   2.2","  20.9","  31.5","76",
"10/12/2021  11:20:00.000","   102275000","  28.0","   2.5","  21.5","  35.2","76",
"10/12/2021  11:20:00.000","   102300000","  28.3","   2.7","  21.8","  36.7","76",
"10/12/2021  11:20:00.000","   102325000","  28.2","   2.5","  22.0","  35.4","76",
"10/12/2021  11:20:00.000","   102350000","  27.8","   2.1","  22.3","  32.0","76",
"10/12/2021  11:20:00.000","   102375000","  27.3","   1.8","  22.9","  31.1","76",
"10/12/2021  11:20:00.000","   102400000","  27.3","   1.6","  23.5","  30.8","76",
"10/12/2021  11:20:00.000","   102425000","  27.9","   1.7","  24.2","  31.7","76",
"10/12/2021  11:20:00.000","   102450000","  28.8","   1.9","  25.2","  35.2","76",
"10/12/2021  11:20:00.000","   102475000","  29.7","   2.1","  26.2","  37.7","76",
"10/12/2021  11:20:00.000","   102500000","  30.5","   2.0","  27.4","  38.8","76",
"10/12/2021  11:20:00.000","   102525000","  31.2","   1.7","  28.6","  38.2","76",
"10/12/2021  11:20:00.000","   102550000","  31.9","   1.3","  29.8","  36.7","76",
"10/12/2021  11:20:00.000","   102575000","  32.8","   0.9","  31.0","  35.8","76",
"10/12/2021  11:20:00.000","   102600000","  33.7","   0.7","  32.2","  35.8","76",
"10/12/2021  11:20:00.000","   102625000","  34.7","   0.6","  33.5","  36.1","76",
"10/12/2021  11:20:00.000","   102650000","  36.7","   1.3","  34.2","  40.1","76",
"10/12/2021  11:20:00.000","   102675000","  42.2","   3.8","  34.9","  48.9","76",
"10/12/2021  11:10:00.000","   102700000","  52.7","   6.1","  35.9","  63.3","76",
"10/12/2021  11:10:00.000","   102725000","  66.1","   4.6","  52.0","  72.8","76",
"10/12/2021  11:20:00.000","   102750000","  78.9","   2.0","  73.5","  81.8","76",
"10/12/2021  11:20:00.000","   102775000","  88.0","   0.4","  87.3","  89.3","76",
"10/12/2021  10:50:00.000","   102800000","  91.1","   1.0","  87.1","  92.9","76",
"10/12/2021  11:20:00.000","   102825000","  88.1","   0.4","  87.4","  89.4","76",
"10/12/2021  11:20:00.000","   102850000","  79.2","   2.0","  73.7","  82.0","76",
"10/12/2021  11:10:00.000","   102875000","  66.2","   4.6","  52.3","  72.9","76",
"10/12/2021  11:10:00.000","   102900000","  52.6","   6.1","  35.9","  62.9","76",
"10/12/2021  11:20:00.000","   102925000","  42.1","   3.8","  34.9","  48.7","76",
"10/12/2021  11:20:00.000","   102950000","  36.7","   1.3","  34.2","  39.9","76",
"10/12/2021  11:20:00.000","   102975000","  34.8","   0.7","  33.4","  36.6","76",
"10/12/2021  11:20:00.000","   103000000","  34.0","   0.9","  32.2","  36.4","76",
"10/12/2021  11:20:00.000","   103025000","  33.5","   1.3","  31.1","  36.8","76",
"10/12/2021  11:20:00.000","   103050000","  33.4","   2.0","  29.9","  41.0","76",
"10/12/2021  11:20:00.000","   103075000","  33.4","   2.9","  28.8","  44.9","76",
"10/12/2021  11:20:00.000","   103100000","  33.1","   3.4","  27.8","  46.3","76",
"10/12/2021  11:20:00.000","   103125000","  32.3","   3.3","  26.6","  45.0","76",
"10/12/2021  11:20:00.000","   103150000","  31.0","   2.9","  25.5","  40.8","76",
"10/12/2021  11:20:00.000","   103175000","  29.3","   2.3","  24.3","  34.7","76",
"10/12/2021  11:20:00.000","   103200000","  27.8","   2.1","  23.3","  32.4","76",
"10/12/2021  11:20:00.000","   103225000","  27.1","   2.0","  22.5","  31.7","76",
"10/12/2021  11:20:00.000","   103250000","  27.0","   2.2","  21.8","  31.3","76",
"10/12/2021  11:20:00.000","   103275000","  27.1","   2.6","  21.3","  35.8","76",
"10/12/2021  11:20:00.000","   103300000","  26.9","   2.9","  20.8","  38.4","76",
"10/12/2021  11:20:00.000","   103325000","  26.3","   2.7","  20.3","  36.0","76",
"10/12/2021  11:20:00.000","   103350000","  25.3","   2.2","  19.7","  30.7","76",
"10/12/2021  11:20:00.000","   103375000","  24.3","   1.8","  19.2","  27.7","76",
"10/12/2021  11:20:00.000","   103400000","  23.6","   1.5","  19.1","  26.9","76",
"10/12/2021  11:20:00.000","   103425000","  23.0","   1.4","  18.7","  26.2","76",
"10/12/2021  10:40:00.000","   103450000","  24.2","   1.5","  20.8","  27.8","40",
"10/12/2021  10:40:00.000","   103475000","  29.8","   3.0","  24.0","  35.0","40",
"10/12/2021  10:40:00.000","   103500000","  37.6","   4.3","  26.4","  43.0","40",
"10/12/2021  10:40:00.000","   103525000","  45.7","   4.3","  31.8","  50.1","40",
"10/12/2021  11:00:00.000","   103550000","  53.1","   1.2","  49.0","  54.6","76",
"10/12/2021  11:30:00.000","   103575000","  58.4","   0.6","  57.1","  59.7","76",
"10/12/2021  12:40:00.000","   103600000","  60.5","   1.5","  57.8","  63.7","54",
"10/12/2021  12:40:00.000","   103625000","  58.3","   0.7","  56.5","  59.8","54",
"10/12/2021  11:00:00.000","   103650000","  53.3","   1.4","  49.3","  55.9","76",
"10/12/2021  10:40:00.000","   103675000","  46.8","   4.3","  32.8","  51.8","40",
"10/12/2021  10:40:00.000","   103700000","  39.4","   4.6","  27.3","  45.7","40",
"10/12/2021  10:40:00.000","   103725000","  31.4","   3.6","  24.4","  37.1","40",
"10/12/2021  10:40:00.000","   103750000","  24.7","   2.1","  20.0","  29.6","40",
"10/12/2021  11:20:00.000","   103775000","  22.7","   2.1","  17.1","  26.6","76",
"10/12/2021  11:20:00.000","   103800000","  23.8","   2.2","  17.6","  27.7","76",
"10/12/2021  11:20:00.000","   103825000","  25.3","   2.3","  18.3","  29.7","76",
"10/12/2021  11:20:00.000","   103850000","  26.9","   2.7","  18.9","  33.8","76",
"10/12/2021  11:20:00.000","   103875000","  28.0","   3.1","  19.3","  36.8","76",
"10/12/2021  11:20:00.000","   103900000","  28.4","   3.4","  19.3","  38.0","76",
"10/12/2021  11:20:00.000","   103925000","  28.0","   3.3","  19.1","  37.3","76",
"10/12/2021  11:20:00.000","   103950000","  27.2","   2.8","  19.6","  34.9","76",
"10/12/2021  11:20:00.000","   103975000","  26.7","   2.2","  21.5","  33.0","76",
"10/12/2021  11:20:00.000","   104000000","  26.0","   1.9","  21.8","  31.9","76",
"10/12/2021  11:20:00.000","   104025000","  24.8","   2.0","  19.7","  30.2","76",
"10/12/2021  11:20:00.000","   104050000","  24.5","   2.2","  18.1","  29.7","76",
"10/12/2021  11:20:00.000","   104075000","  24.6","   2.4","  17.9","  30.7","76",
"10/12/2021  11:20:00.000","   104100000","  24.6","   2.4","  17.7","  31.5","76",
"10/12/2021  11:20:00.000","   104125000","  24.5","   2.4","  17.6","  30.8","76",
"10/12/2021  11:20:00.000","   104150000","  24.1","   2.1","  17.5","  29.4","76",
"10/12/2021  11:20:00.000","   104175000","  23.6","   1.9","  17.5","  28.0","76",
"10/12/2021  11:20:00.000","   104200000","  23.3","   1.7","  17.4","  27.0","76",
"10/12/2021  11:20:00.000","   104225000","  22.8","   1.7","  16.9","  26.1","76",
"10/12/2021  11:20:00.000","   104250000","  22.3","   1.7","  16.6","  25.3","76",
"10/12/2021  11:20:00.000","   104275000","  22.4","   1.9","  17.0","  26.0","76",
"10/12/2021  11:20:00.000","   104300000","  24.3","   2.2","  18.4","  28.4","76",
"10/12/2021  11:20:00.000","   104325000","  27.7","   2.3","  21.2","  33.2","76",
"10/12/2021  11:20:00.000","   104350000","  31.1","   2.6","  24.1","  38.8","76",
"10/12/2021  11:20:00.000","   104375000","  33.5","   2.8","  26.3","  42.3","76",
"10/12/2021  11:20:00.000","   104400000","  34.4","   2.9","  27.3","  43.5","76",
"10/12/2021  11:20:00.000","   104425000","  33.7","   2.8","  26.7","  42.1","76",
"10/12/2021  11:20:00.000","   104450000","  31.5","   2.5","  24.6","  38.2","76",
"10/12/2021  11:20:00.000","   104475000","  28.2","   2.3","  21.7","  32.7","76",
"10/12/2021  11:20:00.000","   104500000","  24.7","   2.2","  18.8","  28.7","76",
"10/12/2021  11:20:00.000","   104525000","  22.3","   2.0","  16.8","  26.3","76",
"10/12/2021  11:20:00.000","   104550000","  21.5","   2.0","  16.0","  25.5","76",
"10/12/2021  11:20:00.000","   104575000","  22.0","   2.1","  16.1","  25.9","76",
"10/12/2021  11:20:00.000","   104600000","  23.2","   2.1","  16.9","  27.6","76",
"10/12/2021  11:20:00.000","   104625000","  24.7","   2.3","  17.7","  29.3","76",
"10/12/2021  11:20:00.000","   104650000","  26.0","   2.6","  18.4","  33.0","76",
"10/12/2021  11:20:00.000","   104675000","  26.9","   2.9","  18.9","  35.5","76",
"10/12/2021  11:20:00.000","   104700000","  27.2","   3.0","  19.0","  36.2","76",
"10/12/2021  11:20:00.000","   104725000","  26.9","   2.8","  18.9","  35.1","76",
"10/12/2021  11:20:00.000","   104750000","  26.0","   2.5","  18.4","  32.3","76",
"10/12/2021  11:20:00.000","   104775000","  24.9","   2.3","  17.6","  29.2","76",
"10/12/2021  11:20:00.000","   104800000","  24.1","   2.2","  17.0","  28.1","76",
"10/12/2021  11:20:00.000","   104825000","  24.0","   2.3","  16.7","  27.8","76",
"10/12/2021  11:20:00.000","   104850000","  24.4","   2.3","  16.8","  28.2","76",
"10/12/2021  11:20:00.000","   104875000","  25.0","   2.5","  17.2","  30.3","76",
"10/12/2021  11:20:00.000","   104900000","  25.5","   2.5","  17.6","  31.6","76",
"10/12/2021  11:20:00.000","   104925000","  25.8","   2.5","  18.0","  31.8","76",
"10/12/2021  11:20:00.000","   104950000","  25.9","   2.5","  18.2","  32.2","76",
"10/12/2021  11:20:00.000","   104975000","  26.0","   2.6","  18.4","  33.3","76",
"10/12/2021  11:20:00.000","   105000000","  26.0","   2.5","  18.4","  33.0","76",
"10/12/2021  11:20:00.000","   105025000","  25.9","   2.2","  18.7","  31.4","76",
"10/12/2021  11:20:00.000","   105050000","  26.3","   1.9","  20.6","  30.4","76",
"10/12/2021  11:20:00.000","   105075000","  28.6","   2.1","  23.2","  33.3","76",
"10/12/2021  12:00:00.000","   105100000","  33.1","   1.4","  29.0","  36.4","75",
"10/12/2021  12:00:00.000","   105125000","  37.5","   1.0","  34.4","  40.1","75",
"10/12/2021  12:00:00.000","   105150000","  41.3","   0.8","  39.3","  42.9","75",
"10/12/2021  12:20:00.000","   105175000","  45.2","   1.1","  41.8","  47.3","76",
"10/12/2021  12:40:00.000","   105200000","  46.6","   1.2","  43.7","  48.8","54",
"10/12/2021  12:20:00.000","   105225000","  45.0","   1.2","  41.3","  47.1","76",
"10/12/2021  12:20:00.000","   105250000","  40.7","   1.1","  37.3","  42.7","76",
"10/12/2021  12:00:00.000","   105275000","  36.1","   1.0","  33.4","  38.5","75",
"10/12/2021  12:00:00.000","   105300000","  30.7","   1.5","  27.4","  34.6","75",
"10/12/2021  11:20:00.000","   105325000","  26.5","   1.9","  21.9","  30.8","76",
"10/12/2021  11:20:00.000","   105350000","  23.3","   1.6","  19.0","  27.2","76",
"10/12/2021  11:20:00.000","   105375000","  22.0","   1.5","  16.8","  25.1","76",
"10/12/2021  11:20:00.000","   105400000","  22.2","   1.6","  16.8","  24.7","76",
"10/12/2021  11:20:00.000","   105425000","  23.4","   1.7","  17.6","  26.2","76",
"10/12/2021  11:20:00.000","   105450000","  24.9","   1.8","  18.6","  28.1","76",
"10/12/2021  11:20:00.000","   105475000","  26.1","   2.1","  19.5","  30.7","76",
"10/12/2021  11:20:00.000","   105500000","  26.6","   2.1","  19.9","  31.8","76",
"10/12/2021  11:20:00.000","   105525000","  26.4","   2.1","  19.8","  30.9","76",
"10/12/2021  11:20:00.000","   105550000","  25.3","   1.9","  18.8","  28.7","76",
"10/12/2021  11:20:00.000","   105575000","  23.6","   1.8","  17.5","  26.7","76",
"10/12/2021  11:20:00.000","   105600000","  22.5","   1.7","  16.6","  25.4","76",
"10/12/2021  11:20:00.000","   105625000","  22.3","   1.8","  16.3","  25.1","76",
"10/12/2021  11:20:00.000","   105650000","  22.6","   1.9","  16.4","  27.0","76",
"10/12/2021  11:20:00.000","   105675000","  23.4","   2.0","  16.8","  28.9","76",
"10/12/2021  11:20:00.000","   105700000","  24.1","   2.1","  17.4","  30.0","76",
"10/12/2021  11:20:00.000","   105725000","  24.8","   2.1","  18.1","  30.6","76",
"10/12/2021  11:20:00.000","   105750000","  25.5","   2.2","  18.5","  31.0","76",
"10/12/2021  11:20:00.000","   105775000","  26.0","   2.2","  18.8","  31.3","76",
"10/12/2021  11:20:00.000","   105800000","  26.0","   2.3","  18.7","  31.4","76",
"10/12/2021  11:20:00.000","   105825000","  25.7","   2.3","  18.3","  31.0","76",
"10/12/2021  11:20:00.000","   105850000","  24.8","   2.1","  17.7","  29.6","76",
"10/12/2021  11:20:00.000","   105875000","  24.0","   1.9","  17.7","  27.8","76",
"10/12/2021  10:40:00.000","   105900000","  25.0","   1.8","  22.1","  28.0","40",
"10/12/2021  10:40:00.000","   105925000","  31.7","   1.5","  28.1","  34.1","40",
"10/12/2021  10:40:00.000","   105950000","  39.1","   1.9","  31.6","  42.2","40",
"10/12/2021  11:00:00.000","   105975000","  45.1","   3.0","  39.5","  50.2","76",
"10/12/2021  11:00:00.000","   106000000","  48.7","   2.7","  44.2","  54.1","76",
"10/12/2021  10:40:00.000","   106025000","  48.2","   1.5","  43.6","  50.5","40",
"10/12/2021  10:40:00.000","   106050000","  44.2","   1.2","  40.3","  46.5","40",
"10/12/2021  10:40:00.000","   106075000","  36.4","   1.5","  32.8","  38.6","40",
"10/12/2021  10:40:00.000","   106100000","  27.4","   1.7","  24.2","  30.7","40",
"10/12/2021  11:20:00.000","   106125000","  23.2","   1.5","  18.9","  26.1","76",
"10/12/2021  11:20:00.000","   106150000","  22.4","   1.7","  16.9","  25.2","76",
"10/12/2021  11:20:00.000","   106175000","  22.9","   1.8","  17.2","  25.9","76",
"10/12/2021  11:20:00.000","   106200000","  24.4","   2.0","  18.7","  27.7","76",
"10/12/2021  11:20:00.000","   106225000","  26.7","   2.1","  20.8","  30.8","76",
"10/12/2021  11:20:00.000","   106250000","  29.5","   2.4","  23.1","  35.5","76",
"10/12/2021  11:20:00.000","   106275000","  31.7","   2.8","  24.9","  40.4","76",
"10/12/2021  11:20:00.000","   106300000","  32.7","   2.9","  25.8","  42.7","76",
"10/12/2021  11:20:00.000","   106325000","  32.2","   2.8","  25.4","  40.9","76",
"10/12/2021  11:20:00.000","   106350000","  30.2","   2.4","  23.8","  36.2","76",
"10/12/2021  11:20:00.000","   106375000","  27.1","   2.2","  21.3","  31.7","76",
"10/12/2021  11:20:00.000","   106400000","  23.8","   2.2","  18.7","  28.3","76",
"10/12/2021  11:20:00.000","   106425000","  21.9","   2.0","  16.7","  26.3","76",
"10/12/2021  11:20:00.000","   106450000","  21.6","   2.0","  16.2","  25.6","76",
"10/12/2021  11:20:00.000","   106475000","  22.6","   2.0","  16.6","  26.2","76",
"10/12/2021  11:20:00.000","   106500000","  24.0","   2.1","  17.6","  28.1","76",
"10/12/2021  11:20:00.000","   106525000","  25.4","   2.3","  18.3","  29.9","76",
"10/12/2021  11:20:00.000","   106550000","  26.8","   2.7","  18.9","  33.6","76",
"10/12/2021  11:20:00.000","   106575000","  27.7","   3.1","  19.4","  36.6","76",
"10/12/2021  11:20:00.000","   106600000","  27.9","   3.3","  19.3","  37.8","76",
"10/12/2021  11:20:00.000","   106625000","  27.4","   3.1","  18.9","  36.7","76",
"10/12/2021  11:20:00.000","   106650000","  26.2","   2.8","  18.0","  33.7","76",
"10/12/2021  11:20:00.000","   106675000","  24.6","   2.4","  17.1","  29.6","76",
"10/12/2021  11:20:00.000","   106700000","  23.3","   2.1","  16.9","  27.6","76",
"10/12/2021  11:20:00.000","   106725000","  22.8","   1.9","  16.6","  26.4","76",
"10/12/2021  11:20:00.000","   106750000","  23.4","   1.7","  17.8","  26.6","76",
"10/12/2021  11:20:00.000","   106775000","  24.0","   1.7","  18.3","  27.9","76",
"10/12/2021  10:50:00.000","   106800000","  24.5","   2.7","  14.1","  28.2","76",
"10/12/2021  10:50:00.000","   106825000","  24.6","   2.6","  14.3","  28.3","76",
"10/12/2021  11:20:00.000","   106850000","  24.5","   2.0","  18.3","  29.4","76",
"10/12/2021  10:50:00.000","   106875000","  25.2","   2.3","  17.8","  29.1","76",
"10/12/2021  10:50:00.000","   106900000","  27.5","   2.0","  19.3","  31.4","76",
"10/12/2021  10:50:00.000","   106925000","  32.8","   2.6","  23.2","  39.2","76",
"10/12/2021  10:50:00.000","   106950000","  40.3","   1.9","  34.9","  43.9","76",
"10/12/2021  10:40:00.000","   106975000","  47.1","   0.4","  46.1","  47.8","40",
"10/12/2021  10:40:00.000","   107000000","  49.6","   0.9","  48.3","  51.6","40",
"10/12/2021  10:40:00.000","   107025000","  47.3","   0.5","  45.9","  48.2","40",
"10/12/2021  10:50:00.000","   107050000","  41.0","   1.8","  35.8","  44.3","76",
"10/12/2021  10:50:00.000","   107075000","  33.0","   2.7","  24.5","  37.8","76",
"10/12/2021  10:50:00.000","   107100000","  26.7","   1.7","  21.2","  31.7","76",
"10/12/2021  10:50:00.000","   107125000","  22.8","   1.0","  20.1","  25.4","76",
"10/12/2021  10:50:00.000","   107150000","  19.5","   0.8","  17.6","  21.1","76",
"10/12/2021  10:40:00.000","   107175000","  16.2","   1.3","  13.4","  18.0","40",
"10/12/2021  10:40:00.000","   107200000","  13.2","   1.5","  10.1","  15.6","40",
"10/12/2021  10:40:00.000","   107225000","  11.3","   1.1","   9.2","  13.4","40",
"10/12/2021  10:40:00.000","   107250000","  10.3","   0.7","   9.2","  11.6","40",
"10/12/2021  10:40:00.000","   107275000","  10.7","   0.5","  10.1","  12.5","40",
"10/12/2021  10:40:00.000","   107300000","  13.5","   0.7","  13.1","  15.8","40",
"10/12/2021  10:40:00.000","   107325000","  12.1","   0.6","  11.7","  14.2","40",
"10/12/2021  10:50:00.000","   107350000","   9.1","   0.4","   8.7","  10.4","76",
"10/12/2021  10:50:00.000","   107375000","   9.1","   0.4","   8.6","  10.3","76",
"10/12/2021  10:40:00.000","   107400000","   9.8","   0.4","   9.5","  11.3","40",
"10/12/2021  10:40:00.000","   107425000","  11.1","   0.5","  10.7","  13.0","40",
"10/12/2021  10:40:00.000","   107450000","  10.1","   0.3","   9.8","  11.7","40",
"10/12/2021  10:50:00.000","   107475000","   9.7","   0.3","   9.3","  10.7","76",
"10/12/2021  10:40:00.000","   107500000","   9.9","   0.3","   9.6","  11.2","40",
"10/12/2021  10:40:00.000","   107525000","   9.9","   0.3","   9.4","  10.8","40",
"10/12/2021  12:20:00.000","   107550000","  12.6","   2.1","   9.9","  19.8","76",
"10/12/2021  11:50:00.000","   107575000","  21.5","   2.7","  14.8","  27.4","76",
"10/12/2021  11:50:00.000","   107600000","  33.5","   2.3","  27.8","  38.6","76",
"10/12/2021  12:10:00.000","   107625000","  43.9","   1.7","  40.1","  47.3","76",
"10/12/2021  12:10:00.000","   107650000","  51.6","   1.0","  49.4","  53.5","76",
"10/12/2021  12:10:00.000","   107675000","  56.1","   1.0","  53.1","  57.9","76",
"10/12/2021  11:40:00.000","   107700000","  57.4","   0.7","  56.0","  59.2","76",
"10/12/2021  12:10:00.000","   107725000","  55.9","   1.0","  52.6","  57.6","76",
"10/12/2021  12:10:00.000","   107750000","  51.2","   1.1","  48.7","  53.0","76",
"10/12/2021  10:40:00.000","   107775000","  43.3","   1.5","  39.1","  45.3","40",
"10/12/2021  11:30:00.000","   107800000","  33.6","   2.0","  29.3","  37.4","76",
"10/12/2021  11:30:00.000","   107825000","  29.4","   2.6","  23.0","  34.2","76",
"10/12/2021  12:00:00.000","   107850000","  36.9","   0.6","  33.8","  38.2","75",
"10/12/2021  10:40:00.000","   107875000","  44.9","   0.1","  44.7","  45.2","40",
"10/12/2021  11:40:00.000","   107900000","  48.8","   0.9","  45.7","  49.5","76",
"10/12/2021  10:40:00.000","   107925000","  45.0","   0.1","  44.7","  45.2","40",
"10/12/2021  12:00:00.000","   107950000","  36.8","   0.6","  33.6","  38.2","75",
"10/12/2021  12:00:00.000","   107975000","  27.5","   1.1","  23.8","  29.7","75",
"10/12/2021  12:00:00.000","   108000000","  20.7","   1.7","  17.5","  24.7","75",
